mall_name;period;start_date;end_date;mall_visits;country;mall_id
PLAZA IMPERIAL;MONTHLY;2022-01-01;2022-01-31;1.904.177;COLOMBIA;69
PLAZA IMPERIAL;MONTHLY;2022-02-01;2022-02-28;1.675.835;COLOMBIA;69
PLAZA IMPERIAL;MONTHLY;2022-03-01;2022-03-31;2.082.886;COLOMBIA;69
PLAZA IMPERIAL;MONTHLY;2022-04-01;2022-04-30;2.547.148;COLOMBIA;69
PLAZA IMPERIAL;MONTHLY;2022-05-01;2022-05-31;3.274.211;COLOMBIA;69
PLAZA IMPERIAL;MONTHLY;2022-06-01;2022-06-30;4.293.444;COLOMBIA;69
PLAZA IMPERIAL;MONTHLY;2022-07-01;2022-07-31;4.005.173;COLOMBIA;69
PLAZA IMPERIAL;MONTHLY;2022-08-01;2022-08-31;2.997.202;COLOMBIA;69
PLAZA IMPERIAL;MONTHLY;2022-09-01;2022-09-30;4.892.100;COLOMBIA;69
SAN RAFAEL;MONTHLY;2022-01-01;2022-01-31;266.748;COLOMBIA;70
SAN RAFAEL;MONTHLY;2022-02-01;2022-02-28;252.959;COLOMBIA;70
SAN RAFAEL;MONTHLY;2022-03-01;2022-03-31;274.203;COLOMBIA;70
SAN RAFAEL;MONTHLY;2022-04-01;2022-04-30;268.402;COLOMBIA;70
SAN RAFAEL;MONTHLY;2022-05-01;2022-05-31;328.586;COLOMBIA;70
SAN RAFAEL;MONTHLY;2022-06-01;2022-06-30;303.416;COLOMBIA;70
SAN RAFAEL;MONTHLY;2022-07-01;2022-07-31;347.046;COLOMBIA;70
SAN RAFAEL;MONTHLY;2022-08-01;2022-08-31;316.174;COLOMBIA;70
SAN RAFAEL;MONTHLY;2022-09-01;2022-09-30;348.470;COLOMBIA;70
CENTRO MAYOR;MONTHLY;2022-01-01;2022-01-31;2.123.618;COLOMBIA;66
CENTRO MAYOR;MONTHLY;2022-02-01;2022-02-28;1.770.484;COLOMBIA;66
CENTRO MAYOR;MONTHLY;2022-03-01;2022-03-31;2.002.918;COLOMBIA;66
CENTRO MAYOR;MONTHLY;2022-04-01;2022-04-30;1.930.566;COLOMBIA;66
CENTRO MAYOR;MONTHLY;2022-05-01;2022-05-31;2.162.901;COLOMBIA;66
CENTRO MAYOR;MONTHLY;2022-06-01;2022-06-30;2.185.124;COLOMBIA;66
CENTRO MAYOR;MONTHLY;2022-07-01;2022-07-31;2.367.126;COLOMBIA;66
CENTRO MAYOR;MONTHLY;2022-08-01;2022-08-31;2.002.177;COLOMBIA;66
CENTRO MAYOR;MONTHLY;2022-09-01;2022-09-30;2.247.631;COLOMBIA;66
SANTA FE CENTRO;MONTHLY;2022-01-01;2022-01-31;1.166.000;COLOMBIA;71
SANTA FE CENTRO;MONTHLY;2022-02-01;2022-02-28;1.050.000;COLOMBIA;71
SANTA FE CENTRO;MONTHLY;2022-03-01;2022-03-31;1.130.000;COLOMBIA;71
SANTA FE CENTRO;MONTHLY;2022-04-01;2022-04-30;1.100.000;COLOMBIA;71
SANTA FE CENTRO;MONTHLY;2022-05-01;2022-05-31;1.250.000;COLOMBIA;71
SANTA FE CENTRO;MONTHLY;2022-06-01;2022-06-30;1.150.000;COLOMBIA;71
SANTA FE CENTRO;MONTHLY;2022-07-01;2022-07-31;1.200.000;COLOMBIA;71
SANTA FE CENTRO;MONTHLY;2022-08-01;2022-08-31;1.100.000;COLOMBIA;71
SANTA FE CENTRO;MONTHLY;2022-09-01;2022-09-30;1.200.000;COLOMBIA;71
ATLANTIS;MONTHLY;2022-01-01;2022-01-31;312.569;COLOMBIA;65
ATLANTIS;MONTHLY;2022-02-01;2022-02-28;328.886;COLOMBIA;65
ATLANTIS;MONTHLY;2022-03-01;2022-03-31;391.727;COLOMBIA;65
ATLANTIS;MONTHLY;2022-04-01;2022-04-30;397.745;COLOMBIA;65
ATLANTIS;MONTHLY;2022-05-01;2022-05-31;493.499;COLOMBIA;65
ATLANTIS;MONTHLY;2022-06-01;2022-06-30;483.671;COLOMBIA;65
ATLANTIS;MONTHLY;2022-07-01;2022-07-31;515.000;COLOMBIA;65
ATLANTIS;MONTHLY;2022-08-01;2022-08-31;510.930;COLOMBIA;65
ATLANTIS;MONTHLY;2022-09-01;2022-09-30;518.724;COLOMBIA;65
TITAN PLAZA;MONTHLY;2022-01-01;2022-01-31;2.416.939;COLOMBIA;73
TITAN PLAZA;MONTHLY;2022-02-01;2022-02-28;2.320.145;COLOMBIA;73
TITAN PLAZA;MONTHLY;2022-03-01;2022-03-31;2.718.642;COLOMBIA;73
TITAN PLAZA;MONTHLY;2022-04-01;2022-04-30;2.833.280;COLOMBIA;73
TITAN PLAZA;MONTHLY;2022-05-01;2022-05-31;3.131.386;COLOMBIA;73
TITAN PLAZA;MONTHLY;2022-06-01;2022-06-30;3.233.940;COLOMBIA;73
TITAN PLAZA;MONTHLY;2022-07-01;2022-07-31;3.277.923;COLOMBIA;73
TITAN PLAZA;MONTHLY;2022-08-01;2022-08-31;3.100.000;COLOMBIA;73
TITAN PLAZA;MONTHLY;2022-09-01;2022-09-30;3.501.856;COLOMBIA;73
PLAZA CENTRAL;MONTHLY;2022-01-01;2022-01-31;1.324.202;COLOMBIA;68
PLAZA CENTRAL;MONTHLY;2022-02-01;2022-02-28;1.130.671;COLOMBIA;68
PLAZA CENTRAL;MONTHLY;2022-03-01;2022-03-31;1.282.791;COLOMBIA;68
PLAZA CENTRAL;MONTHLY;2022-04-01;2022-04-30;1.260.889;COLOMBIA;68
PLAZA CENTRAL;MONTHLY;2022-05-01;2022-05-31;1.414.253;COLOMBIA;68
PLAZA CENTRAL;MONTHLY;2022-06-01;2022-06-30;1.377.938;COLOMBIA;68
PLAZA CENTRAL;MONTHLY;2022-07-01;2022-07-31;1.459.818;COLOMBIA;68
PLAZA CENTRAL;MONTHLY;2022-08-01;2022-08-31;1.318.363;COLOMBIA;68
PLAZA CENTRAL;MONTHLY;2022-09-01;2022-09-30;1.320.407;COLOMBIA;68
NUESTRO BOGOTÁ;MONTHLY;2022-01-01;2022-01-31;631.585;COLOMBIA;15
NUESTRO BOGOTÁ;MONTHLY;2022-02-01;2022-02-28;515.922;COLOMBIA;15
NUESTRO BOGOTÁ;MONTHLY;2022-03-01;2022-03-31;597.506;COLOMBIA;15
NUESTRO BOGOTÁ;MONTHLY;2022-04-01;2022-04-30;598.771;COLOMBIA;15
NUESTRO BOGOTÁ;MONTHLY;2022-05-01;2022-05-31;691.040;COLOMBIA;15
NUESTRO BOGOTÁ;MONTHLY;2022-06-01;2022-06-30;723.121;COLOMBIA;15
NUESTRO BOGOTÁ;MONTHLY;2022-07-01;2022-07-31;765.827;COLOMBIA;15
NUESTRO BOGOTÁ;MONTHLY;2022-08-01;2022-08-31;629.428;COLOMBIA;15
NUESTRO BOGOTÁ;MONTHLY;2022-09-01;2022-09-30;695.611;COLOMBIA;15
PREMIUM PLAZA MEDELLÍN;MONTHLY;2022-01-01;2022-01-31;665.353;COLOMBIA;72
PREMIUM PLAZA MEDELLÍN;MONTHLY;2022-02-01;2022-02-28;757.773;COLOMBIA;72
PREMIUM PLAZA MEDELLÍN;MONTHLY;2022-03-01;2022-03-31;744.536;COLOMBIA;72
PREMIUM PLAZA MEDELLÍN;MONTHLY;2022-04-01;2022-04-30;711.018;COLOMBIA;72
PREMIUM PLAZA MEDELLÍN;MONTHLY;2022-05-01;2022-05-31;749.897;COLOMBIA;72
PREMIUM PLAZA MEDELLÍN;MONTHLY;2022-06-01;2022-06-30;750.481;COLOMBIA;72
PREMIUM PLAZA MEDELLÍN;MONTHLY;2022-07-01;2022-07-31;785.514;COLOMBIA;72
PREMIUM PLAZA MEDELLÍN;MONTHLY;2022-08-01;2022-08-31;806.632;COLOMBIA;72
PREMIUM PLAZA MEDELLÍN;MONTHLY;2022-09-01;2022-09-30;790.716;COLOMBIA;72
Portal de la Marina;MONTHLY;2019-01-01;2019-01-31;303.436;SPAIN;43
Portal de la Marina;MONTHLY;2019-02-01;2019-02-28;201.163;SPAIN;43
Portal de la Marina;MONTHLY;2019-03-01;2019-03-31;227.560;SPAIN;43
Portal de la Marina;MONTHLY;2019-04-01;2019-04-30;313.251;SPAIN;43
Portal de la Marina;MONTHLY;2019-05-01;2019-05-31;254.233;SPAIN;43
Portal de la Marina;MONTHLY;2019-06-01;2019-06-30;288.754;SPAIN;43
Portal de la Marina;MONTHLY;2019-07-01;2019-07-31;434.751;SPAIN;43
Portal de la Marina;MONTHLY;2019-08-01;2019-08-31;458.512;SPAIN;43
Portal de la Marina;MONTHLY;2019-09-01;2019-09-30;273.812;SPAIN;43
Portal de la Marina;MONTHLY;2019-10-01;2019-10-31;262.858;SPAIN;43
Portal de la Marina;MONTHLY;2019-11-01;2019-11-30;263.186;SPAIN;43
Portal de la Marina;MONTHLY;2019-12-01;2019-12-31;352.476;SPAIN;43
Portal de la Marina;MONTHLY;2020-01-01;2020-01-31;303.079;SPAIN;43
Portal de la Marina;MONTHLY;2020-02-01;2020-02-28;233.033;SPAIN;43
Portal de la Marina;MONTHLY;2020-03-01;2020-03-31;104.022;SPAIN;43
Portal de la Marina;MONTHLY;2020-04-01;2020-04-30;19.586;SPAIN;43
Portal de la Marina;MONTHLY;2020-05-01;2020-05-31;40.526;SPAIN;43
Portal de la Marina;MONTHLY;2020-06-01;2020-06-30;204.219;SPAIN;43
Portal de la Marina;MONTHLY;2020-07-01;2020-07-31;336.655;SPAIN;43
Portal de la Marina;MONTHLY;2020-08-01;2020-08-31;360.476;SPAIN;43
Portal de la Marina;MONTHLY;2020-09-01;2020-09-30;227.155;SPAIN;43
Portal de la Marina;MONTHLY;2020-10-01;2020-10-31;230.264;SPAIN;43
Portal de la Marina;MONTHLY;2020-11-01;2020-11-30;225.167;SPAIN;43
Portal de la Marina;MONTHLY;2020-12-01;2020-12-31;291.345;SPAIN;43
Portal de la Marina;MONTHLY;2021-01-01;2021-01-31;202.290;SPAIN;43
Portal de la Marina;MONTHLY;2021-02-01;2021-02-28;148.288;SPAIN;43
Portal de la Marina;MONTHLY;2021-03-01;2021-03-31;182.140;SPAIN;43
Portal de la Marina;MONTHLY;2021-04-01;2021-04-30;212.087;SPAIN;43
Portal de la Marina;MONTHLY;2021-05-01;2021-05-31;227.668;SPAIN;43
Portal de la Marina;MONTHLY;2021-06-01;2021-06-30;267.701;SPAIN;43
Portal de la Marina;MONTHLY;2021-07-01;2021-07-31;386.431;SPAIN;43
Portal de la Marina;MONTHLY;2021-08-01;2021-08-31;416.245;SPAIN;43
Portal de la Marina;MONTHLY;2021-09-01;2021-09-30;278.856;SPAIN;43
Portal de la Marina;MONTHLY;2021-10-01;2021-10-31;280.257;SPAIN;43
Portal de la Marina;MONTHLY;2021-11-01;2021-11-30;278.470;SPAIN;43
Portal de la Marina;MONTHLY;2021-12-01;2021-12-31;333.006;SPAIN;43
Plaza Rio 2;MONTHLY;2019-01-01;2019-01-31;850.000;SPAIN;42
Plaza Rio 2;MONTHLY;2019-02-01;2019-02-28;688.000;SPAIN;42
Plaza Rio 2;MONTHLY;2019-03-01;2019-03-31;789.000;SPAIN;42
Plaza Rio 2;MONTHLY;2019-04-01;2019-04-30;750.000;SPAIN;42
Plaza Rio 2;MONTHLY;2019-05-01;2019-05-31;785.000;SPAIN;42
Plaza Rio 2;MONTHLY;2019-06-01;2019-06-30;786.000;SPAIN;42
Plaza Rio 2;MONTHLY;2019-07-01;2019-07-31;792.000;SPAIN;42
Plaza Rio 2;MONTHLY;2019-08-01;2019-08-31;702.000;SPAIN;42
Plaza Rio 2;MONTHLY;2019-09-01;2019-09-30;780.000;SPAIN;42
Plaza Rio 2;MONTHLY;2019-10-01;2019-10-31;778.000;SPAIN;42
Plaza Rio 2;MONTHLY;2019-11-01;2019-11-30;791.000;SPAIN;42
Plaza Rio 2;MONTHLY;2019-12-01;2019-12-31;1.052.000;SPAIN;42
Plaza Rio 2;MONTHLY;2020-01-01;2020-01-31;939.000;SPAIN;42
Plaza Rio 2;MONTHLY;2020-02-01;2020-02-28;811.000;SPAIN;42
Plaza Rio 2;MONTHLY;2020-03-01;2020-03-31;381.000;SPAIN;42
Plaza Rio 2;MONTHLY;2020-04-01;2020-04-30;93.000;SPAIN;42
Plaza Rio 2;MONTHLY;2020-05-01;2020-05-31;147.000;SPAIN;42
Plaza Rio 2;MONTHLY;2020-06-01;2020-06-30;554.000;SPAIN;42
Plaza Rio 2;MONTHLY;2020-07-01;2020-07-31;643.000;SPAIN;42
Plaza Rio 2;MONTHLY;2020-08-01;2020-08-31;583.000;SPAIN;42
Plaza Rio 2;MONTHLY;2020-09-01;2020-09-30;668.000;SPAIN;42
Plaza Rio 2;MONTHLY;2020-10-01;2020-10-31;767.000;SPAIN;42
Plaza Rio 2;MONTHLY;2020-11-01;2020-11-30;752.000;SPAIN;42
Plaza Rio 2;MONTHLY;2020-12-01;2020-12-31;919.000;SPAIN;42
Plaza Rio 2;MONTHLY;2021-01-01;2021-01-31;679.000;SPAIN;42
Plaza Rio 2;MONTHLY;2021-02-01;2021-02-28;644.000;SPAIN;42
Plaza Rio 2;MONTHLY;2021-03-01;2021-03-31;714.000;SPAIN;42
Plaza Rio 2;MONTHLY;2021-04-01;2021-04-30;668.000;SPAIN;42
Plaza Rio 2;MONTHLY;2021-05-01;2021-05-31;712.000;SPAIN;42
Plaza Rio 2;MONTHLY;2021-06-01;2021-06-30;689.000;SPAIN;42
Plaza Rio 2;MONTHLY;2021-07-01;2021-07-31;671.000;SPAIN;42
Plaza Rio 2;MONTHLY;2021-08-01;2021-08-31;583.000;SPAIN;42
Plaza Rio 2;MONTHLY;2021-09-01;2021-09-30;668.844;SPAIN;42
Plaza Rio 2;MONTHLY;2021-10-01;2021-10-31;767.000;SPAIN;42
Plaza Rio 2;MONTHLY;2021-11-01;2021-11-30;752.000;SPAIN;42
Plaza Rio 2;MONTHLY;2021-12-01;2021-12-31;919.000;SPAIN;42
Plaza Rio 2;MONTHLY;2022-01-01;2022-01-31;880.000;SPAIN;42
Plaza Rio 2;MONTHLY;2022-02-01;2022-02-28;812.000;SPAIN;42
Plaza Rio 2;MONTHLY;2022-03-01;2022-03-31;863.000;SPAIN;42
Gran Plaza 2;MONTHLY;2019-01-01;2019-01-31;926.964;SPAIN;25
Gran Plaza 2;MONTHLY;2019-02-01;2019-02-28;605.319;SPAIN;25
Gran Plaza 2;MONTHLY;2019-03-01;2019-03-31;687.998;SPAIN;25
Gran Plaza 2;MONTHLY;2019-04-01;2019-04-30;709.658;SPAIN;25
Gran Plaza 2;MONTHLY;2019-05-01;2019-05-31;722.059;SPAIN;25
Gran Plaza 2;MONTHLY;2019-06-01;2019-06-30;797.545;SPAIN;25
Gran Plaza 2;MONTHLY;2019-07-01;2019-07-31;801.842;SPAIN;25
Gran Plaza 2;MONTHLY;2019-08-01;2019-08-31;656.278;SPAIN;25
Gran Plaza 2;MONTHLY;2019-09-01;2019-09-30;711.533;SPAIN;25
Gran Plaza 2;MONTHLY;2019-10-01;2019-10-31;708.074;SPAIN;25
Gran Plaza 2;MONTHLY;2019-11-01;2019-11-30;835.835;SPAIN;25
Gran Plaza 2;MONTHLY;2019-12-01;2019-12-31;1.088.593;SPAIN;25
Gran Plaza 2;MONTHLY;2020-01-01;2020-01-31;926.369;SPAIN;25
Gran Plaza 2;MONTHLY;2020-02-01;2020-02-28;637.026;SPAIN;25
Gran Plaza 2;MONTHLY;2020-03-01;2020-03-31;280.655;SPAIN;25
Gran Plaza 2;MONTHLY;2020-04-01;2020-04-30;50.122;SPAIN;25
Gran Plaza 2;MONTHLY;2020-05-01;2020-05-31;70.498;SPAIN;25
Gran Plaza 2;MONTHLY;2020-06-01;2020-06-30;471.326;SPAIN;25
Gran Plaza 2;MONTHLY;2020-07-01;2020-07-31;610.983;SPAIN;25
Gran Plaza 2;MONTHLY;2020-08-01;2020-08-31;509.051;SPAIN;25
Gran Plaza 2;MONTHLY;2020-09-01;2020-09-30;546.058;SPAIN;25
Gran Plaza 2;MONTHLY;2020-10-01;2020-10-31;553.360;SPAIN;25
Gran Plaza 2;MONTHLY;2020-11-01;2020-11-30;514.509;SPAIN;25
Gran Plaza 2;MONTHLY;2020-12-01;2020-12-31;799.163;SPAIN;25
Gran Plaza 2;MONTHLY;2021-01-01;2021-01-31;574.028;SPAIN;25
Gran Plaza 2;MONTHLY;2021-02-01;2021-02-28;428.813;SPAIN;25
Gran Plaza 2;MONTHLY;2021-03-01;2021-03-31;500.376;SPAIN;25
Gran Plaza 2;MONTHLY;2021-04-01;2021-04-30;506.300;SPAIN;25
Gran Plaza 2;MONTHLY;2021-05-01;2021-05-31;572.219;SPAIN;25
Gran Plaza 2;MONTHLY;2021-06-01;2021-06-30;615.949;SPAIN;25
Gran Plaza 2;MONTHLY;2021-07-01;2021-07-31;615.241;SPAIN;25
Gran Plaza 2;MONTHLY;2021-08-01;2021-08-31;527.917;SPAIN;25
Gran Plaza 2;MONTHLY;2021-09-01;2021-09-30;585.917;SPAIN;25
Gran Plaza 2;MONTHLY;2021-10-01;2021-10-31;646.113;SPAIN;25
Gran Plaza 2;MONTHLY;2021-11-01;2021-11-30;642.025;SPAIN;25
Gran Plaza 2;MONTHLY;2021-12-01;2021-12-31;839.164;SPAIN;25
Gran Plaza 2;MONTHLY;2022-01-01;2022-01-31;740.353;SPAIN;25
Gran Plaza 2;MONTHLY;2022-02-01;2022-02-28;525.923;SPAIN;25
Gran Plaza 2;MONTHLY;2022-03-01;2022-03-31;551.355;SPAIN;25
Finestrelles;MONTHLY;2021-01-01;2021-01-31;310.000;SPAIN;58
Finestrelles;MONTHLY;2021-02-01;2021-02-28;268.000;SPAIN;58
Finestrelles;MONTHLY;2021-03-01;2021-03-31;460.000;SPAIN;58
Finestrelles;MONTHLY;2021-04-01;2021-04-30;402.000;SPAIN;58
Finestrelles;MONTHLY;2021-05-01;2021-05-31;434.000;SPAIN;58
Finestrelles;MONTHLY;2021-06-01;2021-06-30;458.000;SPAIN;58
Finestrelles;MONTHLY;2021-07-01;2021-07-31;468.000;SPAIN;58
Finestrelles;MONTHLY;2021-08-01;2021-08-31;405.000;SPAIN;58
Finestrelles;MONTHLY;2021-09-01;2021-09-30;468.000;SPAIN;58
Finestrelles;MONTHLY;2021-10-01;2021-10-31;486.000;SPAIN;58
Finestrelles;MONTHLY;2021-11-01;2021-11-30;526.000;SPAIN;58
Finestrelles;MONTHLY;2021-12-01;2021-12-31;625.000;SPAIN;58
Plaza Norte 2;MONTHLY;2019-01-01;2019-01-31;1.036.923;SPAIN;41
Plaza Norte 2;MONTHLY;2019-02-01;2019-02-28;706.826;SPAIN;41
Plaza Norte 2;MONTHLY;2019-03-01;2019-03-31;792.786;SPAIN;41
Plaza Norte 2;MONTHLY;2019-04-01;2019-04-30;787.573;SPAIN;41
Plaza Norte 2;MONTHLY;2019-05-01;2019-05-31;790.967;SPAIN;41
Plaza Norte 2;MONTHLY;2019-06-01;2019-06-30;892.132;SPAIN;41
Plaza Norte 2;MONTHLY;2019-07-01;2019-07-31;907.320;SPAIN;41
Plaza Norte 2;MONTHLY;2019-08-01;2019-08-31;769.255;SPAIN;41
Plaza Norte 2;MONTHLY;2019-09-01;2019-09-30;810.339;SPAIN;41
Plaza Norte 2;MONTHLY;2019-10-01;2019-10-31;836.274;SPAIN;41
Plaza Norte 2;MONTHLY;2019-11-01;2019-11-30;891.739;SPAIN;41
Plaza Norte 2;MONTHLY;2019-12-01;2019-12-31;1.157.793;SPAIN;41
Plaza Norte 2;MONTHLY;2020-01-01;2020-01-31;1.064.458;SPAIN;41
Plaza Norte 2;MONTHLY;2020-02-01;2020-02-28;733.707;SPAIN;41
Plaza Norte 2;MONTHLY;2020-03-01;2020-03-31;255.584;SPAIN;41
Plaza Norte 2;MONTHLY;2020-04-01;2020-04-30;0;SPAIN;41
Plaza Norte 2;MONTHLY;2020-05-01;2020-05-31;0;SPAIN;41
Plaza Norte 2;MONTHLY;2020-06-01;2020-06-30;465.425;SPAIN;41
Plaza Norte 2;MONTHLY;2020-07-01;2020-07-31;683.929;SPAIN;41
Plaza Norte 2;MONTHLY;2020-08-01;2020-08-31;565.785;SPAIN;41
Plaza Norte 2;MONTHLY;2020-09-01;2020-09-30;551.248;SPAIN;41
Plaza Norte 2;MONTHLY;2020-10-01;2020-10-31;496.283;SPAIN;41
Plaza Norte 2;MONTHLY;2020-11-01;2020-11-30;586.804;SPAIN;41
Plaza Norte 2;MONTHLY;2020-12-01;2020-12-31;825.199;SPAIN;41
Plaza Norte 2;MONTHLY;2021-01-01;2021-01-31;584.342;SPAIN;41
Plaza Norte 2;MONTHLY;2021-02-01;2021-02-28;493.164;SPAIN;41
Plaza Norte 2;MONTHLY;2021-03-01;2021-03-31;594.677;SPAIN;41
Plaza Norte 2;MONTHLY;2021-04-01;2021-04-30;617.156;SPAIN;41
Plaza Norte 2;MONTHLY;2021-05-01;2021-05-31;672.731;SPAIN;41
Plaza Norte 2;MONTHLY;2021-06-01;2021-06-30;739.372;SPAIN;41
Plaza Norte 2;MONTHLY;2021-07-01;2021-07-31;772.761;SPAIN;41
Plaza Norte 2;MONTHLY;2021-08-01;2021-08-31;644.088;SPAIN;41
Plaza Norte 2;MONTHLY;2021-09-01;2021-09-30;667.670;SPAIN;41
Plaza Norte 2;MONTHLY;2021-10-01;2021-10-31;730.703;SPAIN;41
Plaza Norte 2;MONTHLY;2021-11-01;2021-11-30;718.968;SPAIN;41
Plaza Norte 2;MONTHLY;2021-12-01;2021-12-31;868.112;SPAIN;41
Plaza Norte 2;MONTHLY;2022-01-01;2022-01-31;808.064;SPAIN;41
Plaza Norte 2;MONTHLY;2022-02-01;2022-02-28;586.133;SPAIN;41
Plaza Norte 2;MONTHLY;2022-03-01;2022-03-31;617.065;SPAIN;41
Gran Via 2;MONTHLY;2021-01-01;2021-01-31;452.000;SPAIN;26
Gran Via 2;MONTHLY;2021-02-01;2021-02-28;331.000;SPAIN;26
Gran Via 2;MONTHLY;2021-03-01;2021-03-31;752.000;SPAIN;26
Gran Via 2;MONTHLY;2021-04-01;2021-04-30;645.000;SPAIN;26
Gran Via 2;MONTHLY;2021-05-01;2021-05-31;687.000;SPAIN;26
Gran Via 2;MONTHLY;2021-06-01;2021-06-30;801.000;SPAIN;26
Gran Via 2;MONTHLY;2021-07-01;2021-07-31;935.000;SPAIN;26
Gran Via 2;MONTHLY;2021-08-01;2021-08-31;840.000;SPAIN;26
Gran Via 2;MONTHLY;2021-09-01;2021-09-30;794.000;SPAIN;26
Gran Via 2;MONTHLY;2021-10-01;2021-10-31;914.000;SPAIN;26
Gran Via 2;MONTHLY;2021-11-01;2021-11-30;902.000;SPAIN;26
Gran Via 2;MONTHLY;2021-12-01;2021-12-31;1.148.000;SPAIN;26
Gran Via 2;MONTHLY;2022-01-01;2022-01-31;892.000;SPAIN;26
Gran Via 2;MONTHLY;2022-02-01;2022-02-28;762.000;SPAIN;26
Gran Via 2;MONTHLY;2022-03-01;2022-03-31;843.000;SPAIN;26
Anec Blau;MONTHLY;2019-01-01;2019-01-31;432.000;SPAIN;7
Anec Blau;MONTHLY;2019-02-01;2019-02-28;391.000;SPAIN;7
Anec Blau;MONTHLY;2019-03-01;2019-03-31;450.000;SPAIN;7
Anec Blau;MONTHLY;2019-04-01;2019-04-30;493.000;SPAIN;7
Anec Blau;MONTHLY;2019-05-01;2019-05-31;476.000;SPAIN;7
Anec Blau;MONTHLY;2019-06-01;2019-06-30;417.000;SPAIN;7
Anec Blau;MONTHLY;2019-07-01;2019-07-31;479.000;SPAIN;7
Anec Blau;MONTHLY;2019-08-01;2019-08-31;439.000;SPAIN;7
Anec Blau;MONTHLY;2019-09-01;2019-09-30;381.000;SPAIN;7
Anec Blau;MONTHLY;2019-10-01;2019-10-31;311.000;SPAIN;7
Anec Blau;MONTHLY;2019-11-01;2019-11-30;272.000;SPAIN;7
Anec Blau;MONTHLY;2019-12-01;2019-12-31;284.000;SPAIN;7
Anec Blau;MONTHLY;2020-01-01;2020-01-31;262.000;SPAIN;7
Anec Blau;MONTHLY;2020-02-01;2020-02-28;213.000;SPAIN;7
Anec Blau;MONTHLY;2020-03-01;2020-03-31;149.000;SPAIN;7
Anec Blau;MONTHLY;2020-04-01;2020-04-30;49.000;SPAIN;7
Anec Blau;MONTHLY;2020-05-01;2020-05-31;47.000;SPAIN;7
Anec Blau;MONTHLY;2020-06-01;2020-06-30;261.000;SPAIN;7
Anec Blau;MONTHLY;2020-07-01;2020-07-31;373.000;SPAIN;7
Anec Blau;MONTHLY;2020-08-01;2020-08-31;392.000;SPAIN;7
Anec Blau;MONTHLY;2020-09-01;2020-09-30;369.000;SPAIN;7
Anec Blau;MONTHLY;2020-10-01;2020-10-31;354.000;SPAIN;7
Anec Blau;MONTHLY;2020-11-01;2020-11-30;107.000;SPAIN;7
Anec Blau;MONTHLY;2020-12-01;2020-12-31;297.000;SPAIN;7
Anec Blau;MONTHLY;2021-01-01;2021-01-31;182.000;SPAIN;7
Anec Blau;MONTHLY;2021-02-01;2021-02-28;114.000;SPAIN;7
Anec Blau;MONTHLY;2021-03-01;2021-03-31;300.000;SPAIN;7
Anec Blau;MONTHLY;2021-04-01;2021-04-30;326.000;SPAIN;7
Anec Blau;MONTHLY;2021-05-01;2021-05-31;403.000;SPAIN;7
Anec Blau;MONTHLY;2021-06-01;2021-06-30;399.000;SPAIN;7
Anec Blau;MONTHLY;2021-07-01;2021-07-31;412.000;SPAIN;7
Anec Blau;MONTHLY;2021-08-01;2021-08-31;421.000;SPAIN;7
Anec Blau;MONTHLY;2021-09-01;2021-09-30;387.000;SPAIN;7
Anec Blau;MONTHLY;2021-10-01;2021-10-31;438.000;SPAIN;7
Anec Blau;MONTHLY;2021-11-01;2021-11-30;382.000;SPAIN;7
Anec Blau;MONTHLY;2021-12-01;2021-12-31;454.000;SPAIN;7
Anec Blau;MONTHLY;2022-01-01;2022-01-31;430.000;SPAIN;7
Anec Blau;MONTHLY;2022-02-01;2022-02-28;355.000;SPAIN;7
Anec Blau;MONTHLY;2022-03-01;2022-03-31;393.000;SPAIN;7
Luz de Castilla;YEARLY;1/1/21;31/12/21;3.000.000;SPAIN;31
Plaza Loranca;MONTHLY;2019-01-01;2019-01-31;738.210;SPAIN;63
Plaza Loranca;MONTHLY;2019-02-01;2019-02-28;622.812;SPAIN;63
Plaza Loranca;MONTHLY;2019-03-01;2019-03-31;693.393;SPAIN;63
Plaza Loranca;MONTHLY;2019-04-01;2019-04-30;665.377;SPAIN;63
Plaza Loranca;MONTHLY;2019-05-01;2019-05-31;698.831;SPAIN;63
Plaza Loranca;MONTHLY;2019-06-01;2019-06-30;744.476;SPAIN;63
Plaza Loranca;MONTHLY;2019-07-01;2019-07-31;741.093;SPAIN;63
Plaza Loranca;MONTHLY;2019-08-01;2019-08-31;643.881;SPAIN;63
Plaza Loranca;MONTHLY;2019-09-01;2019-09-30;715.398;SPAIN;63
Plaza Loranca;MONTHLY;2019-10-01;2019-10-31;728.812;SPAIN;63
Plaza Loranca;MONTHLY;2019-11-01;2019-11-30;740.064;SPAIN;63
Plaza Loranca;MONTHLY;2019-12-01;2019-12-31;889.838;SPAIN;63
Plaza Loranca;MONTHLY;2020-01-01;2020-01-31;770.759;SPAIN;63
Plaza Loranca;MONTHLY;2020-02-01;2020-02-28;672.040;SPAIN;63
Plaza Loranca;MONTHLY;2020-03-01;2020-03-31;367.788;SPAIN;63
Plaza Loranca;MONTHLY;2020-04-01;2020-04-30;136.287;SPAIN;63
Plaza Loranca;MONTHLY;2020-05-01;2020-05-31;210.141;SPAIN;63
Plaza Loranca;MONTHLY;2020-06-01;2020-06-30;500.041;SPAIN;63
Plaza Loranca;MONTHLY;2020-07-01;2020-07-31;561.019;SPAIN;63
Plaza Loranca;MONTHLY;2020-08-01;2020-08-31;507.667;SPAIN;63
Plaza Loranca;MONTHLY;2020-09-01;2020-09-30;539.485;SPAIN;63
Plaza Loranca;MONTHLY;2020-10-01;2020-10-31;539.294;SPAIN;63
Plaza Loranca;MONTHLY;2020-11-01;2020-11-30;543.062;SPAIN;63
Plaza Loranca;MONTHLY;2020-12-01;2020-12-31;688.833;SPAIN;63
Plaza Loranca;MONTHLY;2021-01-01;2021-01-31;542.061;SPAIN;63
Plaza Loranca;MONTHLY;2021-02-01;2021-02-28;494.081;SPAIN;63
Plaza Loranca;MONTHLY;2021-03-01;2021-03-31;539.204;SPAIN;63
Plaza Loranca;MONTHLY;2021-04-01;2021-04-30;513.973;SPAIN;63
Plaza Loranca;MONTHLY;2021-05-01;2021-05-31;552.240;SPAIN;63
Plaza Loranca;MONTHLY;2021-06-01;2021-06-30;564.547;SPAIN;63
Plaza Loranca;MONTHLY;2021-07-01;2021-07-31;549.834;SPAIN;63
Plaza Loranca;MONTHLY;2021-08-01;2021-08-31;476.120;SPAIN;63
Plaza Loranca;MONTHLY;2021-09-01;2021-09-30;523.409;SPAIN;63
Plaza Loranca;MONTHLY;2021-10-01;2021-10-31;557.016;SPAIN;63
Plaza Loranca;MONTHLY;2021-11-01;2021-11-30;561.437;SPAIN;63
Plaza Loranca;MONTHLY;2021-12-01;2021-12-31;691.446;SPAIN;63
Plaza Loranca;MONTHLY;2022-01-01;2022-01-31;602.864;SPAIN;63
Plaza Loranca;MONTHLY;2022-02-01;2022-02-28;512.976;SPAIN;63
Plaza Loranca;MONTHLY;2022-03-01;2022-03-31;552.350;SPAIN;63
Nassica;MONTHLY;2019-01-01;2019-01-31;842.129;SPAIN;60
Nassica;MONTHLY;2019-02-01;2019-02-28;632.713;SPAIN;60
Nassica;MONTHLY;2019-03-01;2019-03-31;779.852;SPAIN;60
Nassica;MONTHLY;2019-04-01;2019-04-30;709.362;SPAIN;60
Nassica;MONTHLY;2019-05-01;2019-05-31;766.092;SPAIN;60
Nassica;MONTHLY;2019-06-01;2019-06-30;806.991;SPAIN;60
Nassica;MONTHLY;2019-07-01;2019-07-31;78.779;SPAIN;60
Nassica;MONTHLY;2019-08-01;2019-08-31;761.208;SPAIN;60
Nassica;MONTHLY;2019-09-01;2019-09-30;743.977;SPAIN;60
Nassica;MONTHLY;2019-10-01;2019-10-31;73.833;SPAIN;60
Nassica;MONTHLY;2019-11-01;2019-11-30;706.658;SPAIN;60
Nassica;MONTHLY;2019-12-01;2019-12-31;85.638;SPAIN;60
Nassica;MONTHLY;2020-01-01;2020-01-31;749.324;SPAIN;60
Nassica;MONTHLY;2020-02-01;2020-02-28;627.888;SPAIN;60
Nassica;MONTHLY;2020-03-01;2020-03-31;28.377;SPAIN;60
Nassica;MONTHLY;2020-04-01;2020-04-30;49.677;SPAIN;60
Nassica;MONTHLY;2020-05-01;2020-05-31;112.326;SPAIN;60
Nassica;MONTHLY;2020-06-01;2020-06-30;546.835;SPAIN;60
Nassica;MONTHLY;2020-07-01;2020-07-31;670.777;SPAIN;60
Nassica;MONTHLY;2020-08-01;2020-08-31;684.479;SPAIN;60
Nassica;MONTHLY;2020-09-01;2020-09-30;667.066;SPAIN;60
Nassica;MONTHLY;2020-10-01;2020-10-31;503.672;SPAIN;60
Nassica;MONTHLY;2020-11-01;2020-11-30;641.627;SPAIN;60
Nassica;MONTHLY;2020-12-01;2020-12-31;783.802;SPAIN;60
Nassica;MONTHLY;2021-01-01;2021-01-31;542.595;SPAIN;60
Nassica;MONTHLY;2021-02-01;2021-02-28;506.896;SPAIN;60
Nassica;MONTHLY;2021-03-01;2021-03-31;664.162;SPAIN;60
Nassica;MONTHLY;2021-04-01;2021-04-30;627.128;SPAIN;60
Nassica;MONTHLY;2021-05-01;2021-05-31;729.678;SPAIN;60
Nassica;MONTHLY;2021-06-01;2021-06-30;726.791;SPAIN;60
Nassica;MONTHLY;2021-07-01;2021-07-31;776.296;SPAIN;60
Nassica;MONTHLY;2021-08-01;2021-08-31;751.408;SPAIN;60
Nassica;MONTHLY;2021-09-01;2021-09-30;770.204;SPAIN;60
Nassica;MONTHLY;2021-10-01;2021-10-31;81.794;SPAIN;60
Nassica;MONTHLY;2021-11-01;2021-11-30;756.129;SPAIN;60
Nassica;MONTHLY;2021-12-01;2021-12-31;838.408;SPAIN;60
Nassica;MONTHLY;2022-01-01;2022-01-31;826.706;SPAIN;60
Nassica;MONTHLY;2022-02-01;2022-02-28;620.196;SPAIN;60
Nassica;MONTHLY;2022-03-01;2022-03-31;  583857;SPAIN;60
Valle Real;MONTHLY;2020-01-01;2020-01-31;515.000;SPAIN;51
Valle Real;MONTHLY;2020-02-01;2020-02-28;375.000;SPAIN;51
Valle Real;MONTHLY;2020-03-01;2020-03-31;153.000;SPAIN;51
Valle Real;MONTHLY;2020-04-01;2020-04-30;28.000;SPAIN;51
Valle Real;MONTHLY;2020-05-01;2020-05-31;103.000;SPAIN;51
Valle Real;MONTHLY;2020-06-01;2020-06-30;384.000;SPAIN;51
Valle Real;MONTHLY;2020-07-01;2020-07-31;430.000;SPAIN;51
Valle Real;MONTHLY;2020-08-01;2020-08-31;442.000;SPAIN;51
Valle Real;MONTHLY;2020-09-01;2020-09-30;384.000;SPAIN;51
Valle Real;MONTHLY;2020-10-01;2020-10-31;401.000;SPAIN;51
Valle Real;MONTHLY;2020-11-01;2020-11-30;223.000;SPAIN;51
Valle Real;MONTHLY;2020-12-01;2020-12-31;412.000;SPAIN;51
Valle Real;MONTHLY;2021-01-01;2021-01-31;368.000;SPAIN;51
Valle Real;MONTHLY;2021-02-01;2021-02-28;254.000;SPAIN;51
Valle Real;MONTHLY;2021-03-01;2021-03-31;316.000;SPAIN;51
Valle Real;MONTHLY;2021-04-01;2021-04-30;338.000;SPAIN;51
Valle Real;MONTHLY;2021-05-01;2021-05-31;351.000;SPAIN;51
Valle Real;MONTHLY;2021-06-01;2021-06-30;416.000;SPAIN;51
Valle Real;MONTHLY;2021-07-01;2021-07-31;453.000;SPAIN;51
Valle Real;MONTHLY;2021-08-01;2021-08-31;436.000;SPAIN;51
Valle Real;MONTHLY;2021-09-01;2021-09-30;393.000;SPAIN;51
Valle Real;MONTHLY;2021-10-01;2021-10-31;423.000;SPAIN;51
Valle Real;MONTHLY;2021-11-01;2021-11-30;428.000;SPAIN;51
Valle Real;MONTHLY;2021-12-01;2021-12-31;468.000;SPAIN;51
Moda Shopping;MONTHLY;2021-01-01;2021-01-31;146.312;SPAIN;35
Moda Shopping;MONTHLY;2021-02-01;2021-02-28;164.917;SPAIN;35
Moda Shopping;MONTHLY;2021-03-01;2021-03-31;185.236;SPAIN;35
Moda Shopping;MONTHLY;2021-04-01;2021-04-30;170.278;SPAIN;35
Moda Shopping;MONTHLY;2021-05-01;2021-05-31;170.869;SPAIN;35
Moda Shopping;MONTHLY;2021-06-01;2021-06-30;180.569;SPAIN;35
Moda Shopping;MONTHLY;2021-07-01;2021-07-31;153.183;SPAIN;35
Moda Shopping;MONTHLY;2021-08-01;2021-08-31;89.810;SPAIN;35
Moda Shopping;MONTHLY;2021-09-01;2021-09-30;176.434;SPAIN;35
Moda Shopping;MONTHLY;2021-10-01;2021-10-31;194.456;SPAIN;35
Moda Shopping;MONTHLY;2021-11-01;2021-11-30;231.606;SPAIN;35
Moda Shopping;MONTHLY;2021-12-01;2021-12-31;210.925;SPAIN;35
Moda Shopping;MONTHLY;2022-01-01;2022-01-31;183.659;SPAIN;35
Moda Shopping;MONTHLY;2022-02-01;2022-02-28;229.014;SPAIN;35
Moda Shopping;MONTHLY;2022-03-01;2022-03-31;259.603;SPAIN;35
Madrid Sur;YEARLY;1/1/21;31/12/21;4.500.000;SPAIN;32
Madrid Sur;YEARLY;1/1/19;31/12/19;5.450.000;SPAIN;32
Area Sur;MONTHLY;2019-01-01;2019-01-31;597.432;SPAIN;55
Area Sur;MONTHLY;2019-02-01;2019-02-28;381.374;SPAIN;55
Area Sur;MONTHLY;2019-03-01;2019-03-31;483.533;SPAIN;55
Area Sur;MONTHLY;2019-04-01;2019-04-30;540.386;SPAIN;55
Area Sur;MONTHLY;2019-05-01;2019-05-31;544.982;SPAIN;55
Area Sur;MONTHLY;2019-06-01;2019-06-30;553.826;SPAIN;55
Area Sur;MONTHLY;2019-07-01;2019-07-31;695.247;SPAIN;55
Area Sur;MONTHLY;2019-08-01;2019-08-31;640.917;SPAIN;55
Area Sur;MONTHLY;2019-09-01;2019-09-30;566.287;SPAIN;55
Area Sur;MONTHLY;2019-10-01;2019-10-31;600.496;SPAIN;55
Area Sur;MONTHLY;2019-11-01;2019-11-30;599.448;SPAIN;55
Area Sur;MONTHLY;2019-12-01;2019-12-31;756.647;SPAIN;55
Area Sur;MONTHLY;2020-01-01;2020-01-31;628.767;SPAIN;55
Area Sur;MONTHLY;2020-02-01;2020-02-28;436.146;SPAIN;55
Area Sur;MONTHLY;2020-03-01;2020-03-31;184.524;SPAIN;55
Area Sur;MONTHLY;2020-04-01;2020-04-30;25.862;SPAIN;55
Area Sur;MONTHLY;2020-05-01;2020-05-31;94.345;SPAIN;55
Area Sur;MONTHLY;2020-06-01;2020-06-30;432.340;SPAIN;55
Area Sur;MONTHLY;2020-07-01;2020-07-31;491.620;SPAIN;55
Area Sur;MONTHLY;2020-08-01;2020-08-31;475.339;SPAIN;55
Area Sur;MONTHLY;2020-09-01;2020-09-30;464.736;SPAIN;55
Area Sur;MONTHLY;2020-10-01;2020-10-31;469.794;SPAIN;55
Area Sur;MONTHLY;2020-11-01;2020-11-30;233.666;SPAIN;55
Area Sur;MONTHLY;2020-12-01;2020-12-31;488.495;SPAIN;55
Area Sur;MONTHLY;2021-01-01;2021-01-31;375.813;SPAIN;55
Area Sur;MONTHLY;2021-02-01;2021-02-28;182.800;SPAIN;55
Area Sur;MONTHLY;2021-03-01;2021-03-31;406.197;SPAIN;55
Area Sur;MONTHLY;2021-04-01;2021-04-30;415.559;SPAIN;55
Area Sur;MONTHLY;2021-05-01;2021-05-31;483.109;SPAIN;55
Area Sur;MONTHLY;2021-06-01;2021-06-30;520.743;SPAIN;55
Area Sur;MONTHLY;2021-07-01;2021-07-31;589.247;SPAIN;55
Area Sur;MONTHLY;2021-08-01;2021-08-31;579.193;SPAIN;55
Area Sur;MONTHLY;2021-09-01;2021-09-30;548.064;SPAIN;55
Area Sur;MONTHLY;2021-10-01;2021-10-31;561.166;SPAIN;55
Area Sur;MONTHLY;2021-11-01;2021-11-30;605.097;SPAIN;55
Area Sur;MONTHLY;2021-12-01;2021-12-31;751.590;SPAIN;55
Area Sur;MONTHLY;2022-01-01;2022-01-31;601.770;SPAIN;55
Area Sur;MONTHLY;2022-02-01;2022-02-28;403.277;SPAIN;55
Area Sur;MONTHLY;2022-03-01;2022-03-31;427.241;SPAIN;55
Gran Casa;MONTHLY;2019-01-01;2019-01-31;1.243.788;SPAIN;24
Gran Casa;MONTHLY;2019-02-01;2019-02-28;990.282;SPAIN;24
Gran Casa;MONTHLY;2019-03-01;2019-03-31;1.049.794;SPAIN;24
Gran Casa;MONTHLY;2019-04-01;2019-04-30;1.027.590;SPAIN;24
Gran Casa;MONTHLY;2019-05-01;2019-05-31;1.095.463;SPAIN;24
Gran Casa;MONTHLY;2019-06-01;2019-06-30;1.124.068;SPAIN;24
Gran Casa;MONTHLY;2019-07-01;2019-07-31;1.165.470;SPAIN;24
Gran Casa;MONTHLY;2019-08-01;2019-08-31;896.826;SPAIN;24
Gran Casa;MONTHLY;2019-09-01;2019-09-30;1.021.978;SPAIN;24
Gran Casa;MONTHLY;2019-10-01;2019-10-31;1.160.777;SPAIN;24
Gran Casa;MONTHLY;2019-11-01;2019-11-30;1.184.817;SPAIN;24
Gran Casa;MONTHLY;2019-12-01;2019-12-31;1.334.838;SPAIN;24
Gran Casa;MONTHLY;2020-01-01;2020-01-31;1.214.401;SPAIN;24
Gran Casa;MONTHLY;2020-02-01;2020-02-28;1.006.457;SPAIN;24
Gran Casa;MONTHLY;2020-03-01;2020-03-31;432.813;SPAIN;24
Gran Casa;MONTHLY;2020-04-01;2020-04-30;65.024;SPAIN;24
Gran Casa;MONTHLY;2020-05-01;2020-05-31;235.476;SPAIN;24
Gran Casa;MONTHLY;2020-06-01;2020-06-30;759.653;SPAIN;24
Gran Casa;MONTHLY;2020-07-01;2020-07-31;784.103;SPAIN;24
Gran Casa;MONTHLY;2020-08-01;2020-08-31;678.166;SPAIN;24
Gran Casa;MONTHLY;2020-09-01;2020-09-30;841.902;SPAIN;24
Gran Casa;MONTHLY;2020-10-01;2020-10-31;825.376;SPAIN;24
Gran Casa;MONTHLY;2020-11-01;2020-11-30;698.674;SPAIN;24
Gran Casa;MONTHLY;2020-12-01;2020-12-31;992.322;SPAIN;24
Gran Casa;MONTHLY;2021-01-01;2021-01-31;778.036;SPAIN;24
Gran Casa;MONTHLY;2021-02-01;2021-02-28;686.227;SPAIN;24
Gran Casa;MONTHLY;2021-03-01;2021-03-31;791.562;SPAIN;24
Gran Casa;MONTHLY;2021-04-01;2021-04-30;741.074;SPAIN;24
Gran Casa;MONTHLY;2021-05-01;2021-05-31;800.524;SPAIN;24
Gran Casa;MONTHLY;2021-06-01;2021-06-30;894.455;SPAIN;24
Gran Casa;MONTHLY;2021-07-01;2021-07-31;883.057;SPAIN;24
Gran Casa;MONTHLY;2021-08-01;2021-08-31;737.338;SPAIN;24
Gran Casa;MONTHLY;2021-09-01;2021-09-30;874.695;SPAIN;24
Gran Casa;MONTHLY;2021-10-01;2021-10-31;896.001;SPAIN;24
Gran Casa;MONTHLY;2021-11-01;2021-11-30;993.097;SPAIN;24
Gran Casa;MONTHLY;2021-12-01;2021-12-31;1.081.825;SPAIN;24
Gran Casa;MONTHLY;2022-01-01;2022-01-31;898.145;SPAIN;24
Gran Casa;MONTHLY;2022-02-01;2022-02-28;791.454;SPAIN;24
Gran Casa;MONTHLY;2022-03-01;2022-03-31;894.063;SPAIN;24
Max Center/Ocio;MONTHLY;2019-01-01;2019-01-31;609.544;SPAIN;34
Max Center/Ocio;MONTHLY;2019-02-01;2019-02-28;395.258;SPAIN;34
Max Center/Ocio;MONTHLY;2019-03-01;2019-03-31;410.421;SPAIN;34
Max Center/Ocio;MONTHLY;2019-04-01;2019-04-30;419.338;SPAIN;34
Max Center/Ocio;MONTHLY;2019-05-01;2019-05-31;409.344;SPAIN;34
Max Center/Ocio;MONTHLY;2019-06-01;2019-06-30;402.070;SPAIN;34
Max Center/Ocio;MONTHLY;2019-07-01;2019-07-31;469.120;SPAIN;34
Max Center/Ocio;MONTHLY;2019-08-01;2019-08-31;396.954;SPAIN;34
Max Center/Ocio;MONTHLY;2019-09-01;2019-09-30;361.425;SPAIN;34
Max Center/Ocio;MONTHLY;2019-10-01;2019-10-31;399.722;SPAIN;34
Max Center/Ocio;MONTHLY;2019-11-01;2019-11-30;507.092;SPAIN;34
Max Center/Ocio;MONTHLY;2019-12-01;2019-12-31;567.861;SPAIN;34
Max Center/Ocio;MONTHLY;2020-01-01;2020-01-31;518.788;SPAIN;34
Max Center/Ocio;MONTHLY;2020-02-01;2020-02-28;357.089;SPAIN;34
Max Center/Ocio;MONTHLY;2020-03-01;2020-03-31;161.018;SPAIN;34
Max Center/Ocio;MONTHLY;2020-04-01;2020-04-30;28.759;SPAIN;34
Max Center/Ocio;MONTHLY;2020-05-01;2020-05-31;69.834;SPAIN;34
Max Center/Ocio;MONTHLY;2020-06-01;2020-06-30;291.000;SPAIN;34
Max Center/Ocio;MONTHLY;2020-07-01;2020-07-31;323.644;SPAIN;34
Max Center/Ocio;MONTHLY;2020-08-01;2020-08-31;327.951;SPAIN;34
Max Center/Ocio;MONTHLY;2020-09-01;2020-09-30;325.900;SPAIN;34
Max Center/Ocio;MONTHLY;2020-10-01;2020-10-31;334.234;SPAIN;34
Max Center/Ocio;MONTHLY;2020-11-01;2020-11-30;198.788;SPAIN;34
Max Center/Ocio;MONTHLY;2020-12-01;2020-12-31;418.361;SPAIN;34
Max Center/Ocio;MONTHLY;2021-01-01;2021-01-31;346.436;SPAIN;34
Max Center/Ocio;MONTHLY;2021-02-01;2021-02-28;184.879;SPAIN;34
Max Center/Ocio;MONTHLY;2021-03-01;2021-03-31;281.223;SPAIN;34
Max Center/Ocio;MONTHLY;2021-04-01;2021-04-30;269.589;SPAIN;34
Max Center/Ocio;MONTHLY;2021-05-01;2021-05-31;286.850;SPAIN;34
Max Center/Ocio;MONTHLY;2021-06-01;2021-06-30;360.879;SPAIN;34
Max Center/Ocio;MONTHLY;2021-07-01;2021-07-31;370.394;SPAIN;34
Max Center/Ocio;MONTHLY;2021-08-01;2021-08-31;312.689;SPAIN;34
Max Center/Ocio;MONTHLY;2021-09-01;2021-09-30;314.193;SPAIN;34
Max Center/Ocio;MONTHLY;2021-10-01;2021-10-31;339.245;SPAIN;34
Max Center/Ocio;MONTHLY;2021-11-01;2021-11-30;358.477;SPAIN;34
Max Center/Ocio;MONTHLY;2021-12-01;2021-12-31;469.566;SPAIN;34
Max Center/Ocio;MONTHLY;2022-01-01;2022-01-31;405.174;SPAIN;34
Max Center/Ocio;MONTHLY;2022-02-01;2022-02-28;288.682;SPAIN;34
Max Center/Ocio;MONTHLY;2022-03-01;2022-03-31;295.713;SPAIN;34
Plaza Mayor;MONTHLY;2019-01-01;2019-01-31;910.694;SPAIN;40
Plaza Mayor;MONTHLY;2019-02-01;2019-02-28;641.620;SPAIN;40
Plaza Mayor;MONTHLY;2019-03-01;2019-03-31;729.778;SPAIN;40
Plaza Mayor;MONTHLY;2019-04-01;2019-04-30;831.148;SPAIN;40
Plaza Mayor;MONTHLY;2019-05-01;2019-05-31;791.062;SPAIN;40
Plaza Mayor;MONTHLY;2019-06-01;2019-06-30;881.508;SPAIN;40
Plaza Mayor;MONTHLY;2019-07-01;2019-07-31;1.251.503;SPAIN;40
Plaza Mayor;MONTHLY;2019-08-01;2019-08-31;1.249.691;SPAIN;40
Plaza Mayor;MONTHLY;2019-09-01;2019-09-30;897.534;SPAIN;40
Plaza Mayor;MONTHLY;2019-10-01;2019-10-31;916.515;SPAIN;40
Plaza Mayor;MONTHLY;2019-11-01;2019-11-30;877.168;SPAIN;40
Plaza Mayor;MONTHLY;2019-12-01;2019-12-31;1.061.451;SPAIN;40
Plaza Mayor;MONTHLY;2020-01-01;2020-01-31;885.503;SPAIN;40
Plaza Mayor;MONTHLY;2020-02-01;2020-02-28;1.062.500;SPAIN;40
Plaza Mayor;MONTHLY;2020-03-01;2020-03-31;366.221;SPAIN;40
Plaza Mayor;MONTHLY;2020-04-01;2020-04-30;23.290;SPAIN;40
Plaza Mayor;MONTHLY;2020-05-01;2020-05-31;46.701;SPAIN;40
Plaza Mayor;MONTHLY;2020-06-01;2020-06-30;756.683;SPAIN;40
Plaza Mayor;MONTHLY;2020-07-01;2020-07-31;1.069.723;SPAIN;40
Plaza Mayor;MONTHLY;2020-08-01;2020-08-31;1.173.780;SPAIN;40
Plaza Mayor;MONTHLY;2020-09-01;2020-09-30;915.962;SPAIN;40
Plaza Mayor;MONTHLY;2020-10-01;2020-10-31;860.801;SPAIN;40
Plaza Mayor;MONTHLY;2020-11-01;2020-11-30;470.567;SPAIN;40
Plaza Mayor;MONTHLY;2020-12-01;2020-12-31;944.791;SPAIN;40
Plaza Mayor;MONTHLY;2021-01-01;2021-01-31;730.212;SPAIN;40
Plaza Mayor;MONTHLY;2021-02-01;2021-02-28;391.816;SPAIN;40
Plaza Mayor;MONTHLY;2021-03-01;2021-03-31;773.697;SPAIN;40
Plaza Mayor;MONTHLY;2021-04-01;2021-04-30;720.816;SPAIN;40
Plaza Mayor;MONTHLY;2021-05-01;2021-05-31;897.844;SPAIN;40
Plaza Mayor;MONTHLY;2021-06-01;2021-06-30;972.963;SPAIN;40
Plaza Mayor;MONTHLY;2021-07-01;2021-07-31;1.408.141;SPAIN;40
Plaza Mayor;MONTHLY;2021-08-01;2021-08-31;1.615.711;SPAIN;40
Plaza Mayor;MONTHLY;2021-09-01;2021-09-30;1.210.354;SPAIN;40
Plaza Mayor;MONTHLY;2021-10-01;2021-10-31;1.088.212;SPAIN;40
Plaza Mayor;MONTHLY;2021-11-01;2021-11-30;1.038.695;SPAIN;40
Plaza Mayor;MONTHLY;2021-12-01;2021-12-31;1.360.709;SPAIN;40
Plaza Mayor;MONTHLY;2022-01-01;2022-01-31;1.226.235;SPAIN;40
Plaza Mayor;MONTHLY;2022-02-01;2022-02-28;905.742;SPAIN;40
Plaza Mayor;MONTHLY;2022-03-01;2022-03-31;863.033;SPAIN;40
Valle Real;MONTHLY;2019-01-01;2019-01-31;544.018;SPAIN;51
Valle Real;MONTHLY;2019-02-01;2019-02-28;371.323;SPAIN;51
Valle Real;MONTHLY;2019-03-01;2019-03-31;377.762;SPAIN;51
Valle Real;MONTHLY;2019-04-01;2019-04-30;420.331;SPAIN;51
Valle Real;MONTHLY;2019-05-01;2019-05-31;419.180;SPAIN;51
Valle Real;MONTHLY;2019-06-01;2019-06-30;452.545;SPAIN;51
Valle Real;MONTHLY;2019-07-01;2019-07-31;525.813;SPAIN;51
Valle Real;MONTHLY;2019-08-01;2019-08-31;488.150;SPAIN;51
Valle Real;MONTHLY;2019-09-01;2019-09-30;423.128;SPAIN;51
Valle Real;MONTHLY;2019-10-01;2019-10-31;440.677;SPAIN;51
Valle Real;MONTHLY;2019-11-01;2019-11-30;456.460;SPAIN;51
Valle Real;MONTHLY;2019-12-01;2019-12-31;549.548;SPAIN;51
Valle Real;MONTHLY;2020-01-01;2020-01-31;515.088;SPAIN;51
Valle Real;MONTHLY;2020-02-01;2020-02-28;366.188;SPAIN;51
Valle Real;MONTHLY;2020-03-01;2020-03-31;153.938;SPAIN;51
Valle Real;MONTHLY;2020-04-01;2020-04-30;28.265;SPAIN;51
Valle Real;MONTHLY;2020-05-01;2020-05-31;103.559;SPAIN;51
Valle Real;MONTHLY;2020-06-01;2020-06-30;384.080;SPAIN;51
Valle Real;MONTHLY;2020-07-01;2020-07-31;430.229;SPAIN;51
Valle Real;MONTHLY;2020-08-01;2020-08-31;442.223;SPAIN;51
Valle Real;MONTHLY;2020-09-01;2020-09-30;384.978;SPAIN;51
Valle Real;MONTHLY;2020-10-01;2020-10-31;401.607;SPAIN;51
Valle Real;MONTHLY;2020-11-01;2020-11-30;223.747;SPAIN;51
Valle Real;MONTHLY;2020-12-01;2020-12-31;412.881;SPAIN;51
Valle Real;MONTHLY;2021-01-01;2021-01-31;368.064;SPAIN;51
Valle Real;MONTHLY;2021-02-01;2021-02-28;280.059;SPAIN;51
Valle Real;MONTHLY;2021-03-01;2021-03-31;316.895;SPAIN;51
Valle Real;MONTHLY;2021-04-01;2021-04-30;338.508;SPAIN;51
Valle Real;MONTHLY;2021-05-01;2021-05-31;351.271;SPAIN;51
Valle Real;MONTHLY;2021-06-01;2021-06-30;416.539;SPAIN;51
Valle Real;MONTHLY;2021-07-01;2021-07-31;453.575;SPAIN;51
Valle Real;MONTHLY;2021-08-01;2021-08-31;436.768;SPAIN;51
Valle Real;MONTHLY;2021-09-01;2021-09-30;393.282;SPAIN;51
Valle Real;MONTHLY;2021-10-01;2021-10-31;423.985;SPAIN;51
Valle Real;MONTHLY;2021-11-01;2021-11-30;428.729;SPAIN;51
Valle Real;MONTHLY;2021-12-01;2021-12-31;468.309;SPAIN;51
Valle Real;MONTHLY;2022-01-01;2022-01-31;429.210;SPAIN;51
Valle Real;MONTHLY;2022-02-01;2022-02-28;312.133;SPAIN;51
Valle Real;MONTHLY;2022-03-01;2022-03-31;322.076;SPAIN;51
Jockey Plaza;MONTHLY;2022-01-01;2022-01-31;3.400.000;PERU;82
Jockey Plaza;MONTHLY;2022-02-01;2022-02-28;3.420.000;PERU;82
Jockey Plaza;MONTHLY;2022-03-01;2022-03-31;3.400.000;PERU;82
Jockey Plaza;MONTHLY;2022-04-01;2022-04-30;3.400.000;PERU;82
Jockey Plaza;MONTHLY;2022-05-01;2022-05-31;4.000.000;PERU;82
Jockey Plaza;MONTHLY;2022-06-01;2022-06-30;3.850.000;PERU;82
Jockey Plaza;MONTHLY;2022-07-01;2022-07-31;4.100.000;PERU;82
Jockey Plaza;MONTHLY;2022-08-01;2022-08-31;3.890.000;PERU;82
Jockey Plaza;MONTHLY;2022-09-01;2022-09-30;3.900.000;PERU;82
Jockey Plaza;MONTHLY;2022-10-01;2022-10-31;3.900.000;PERU;82
Plaza San Miguel;MONTHLY;2022-01-01;2022-01-31;3.300.000;PERU;94
Plaza San Miguel;MONTHLY;2022-02-01;2022-02-28;3.400.000;PERU;94
Plaza San Miguel;MONTHLY;2022-03-01;2022-03-31;3.410.000;PERU;94
Plaza San Miguel;MONTHLY;2022-04-01;2022-04-30;3.410.000;PERU;94
Plaza San Miguel;MONTHLY;2022-05-01;2022-05-31;3.900.000;PERU;94
Plaza San Miguel;MONTHLY;2022-06-01;2022-06-30;3.880.000;PERU;94
Plaza San Miguel;MONTHLY;2022-07-01;2022-07-31;4.100.000;PERU;94
Plaza San Miguel;MONTHLY;2022-08-01;2022-08-31;3.980.000;PERU;94
Plaza San Miguel;MONTHLY;2022-09-01;2022-09-30;3.900.000;PERU;94
Plaza San Miguel;MONTHLY;2022-10-01;2022-10-31;3.900.000;PERU;94
MALL SANTA ANITA;MONTHLY;2022-01-01;2022-01-31;1.700.000;PERU;88
MALL SANTA ANITA;MONTHLY;2022-02-01;2022-02-28;1.770.000;PERU;88
MALL SANTA ANITA;MONTHLY;2022-03-01;2022-03-31;1.730.000;PERU;88
MALL SANTA ANITA;MONTHLY;2022-04-01;2022-04-30;1.730.000;PERU;88
MALL SANTA ANITA;MONTHLY;2022-05-01;2022-05-31;1.900.000;PERU;88
MALL SANTA ANITA;MONTHLY;2022-06-01;2022-06-30;1.800.000;PERU;88
MALL SANTA ANITA;MONTHLY;2022-07-01;2022-07-31;1.950.000;PERU;88
MALL SANTA ANITA;MONTHLY;2022-08-01;2022-08-31;1.890.000;PERU;88
MALL SANTA ANITA;MONTHLY;2022-09-01;2022-09-30;1.920.000;PERU;88
MALL SANTA ANITA;MONTHLY;2022-10-01;2022-10-31;1.920.000;PERU;88
La Rambla San Borja;MONTHLY;2022-01-01;2022-01-31;1.300.000;PERU;85
La Rambla San Borja;MONTHLY;2022-02-01;2022-02-28;1.380.000;PERU;85
La Rambla San Borja;MONTHLY;2022-03-01;2022-03-31;1.300.000;PERU;85
La Rambla San Borja;MONTHLY;2022-04-01;2022-04-30;1.300.000;PERU;85
La Rambla San Borja;MONTHLY;2022-05-01;2022-05-31;1.500.000;PERU;85
La Rambla San Borja;MONTHLY;2022-06-01;2022-06-30;1.500.000;PERU;85
La Rambla San Borja;MONTHLY;2022-07-01;2022-07-31;1.620.000;PERU;85
La Rambla San Borja;MONTHLY;2022-08-01;2022-08-31;1.570.000;PERU;85
La Rambla San Borja;MONTHLY;2022-09-01;2022-09-30;1.500.000;PERU;85
La Rambla San Borja;MONTHLY;2022-10-01;2022-10-31;1.500.000;PERU;85
La Rambla Breña;MONTHLY;2022-01-01;2022-01-31;900.000;PERU;83
La Rambla Breña;MONTHLY;2022-02-01;2022-02-28;900.000;PERU;83
La Rambla Breña;MONTHLY;2022-03-01;2022-03-31;910.000;PERU;83
La Rambla Breña;MONTHLY;2022-04-01;2022-04-30;912.000;PERU;83
La Rambla Breña;MONTHLY;2022-05-01;2022-05-31;980.000;PERU;83
La Rambla Breña;MONTHLY;2022-06-01;2022-06-30;989.000;PERU;83
La Rambla Breña;MONTHLY;2022-07-01;2022-07-31;1.010.000;PERU;83
La Rambla Breña;MONTHLY;2022-08-01;2022-08-31;997.000;PERU;83
La Rambla Breña;MONTHLY;2022-09-01;2022-09-30;990.000;PERU;83
La Rambla Breña;MONTHLY;2022-10-01;2022-10-31;990.000;PERU;83
MOLINA PLAZA;MONTHLY;2022-01-01;2022-01-31;620.000;PERU;93
MOLINA PLAZA;MONTHLY;2022-02-01;2022-02-28;621.000;PERU;93
MOLINA PLAZA;MONTHLY;2022-03-01;2022-03-31;620.000;PERU;93
MOLINA PLAZA;MONTHLY;2022-04-01;2022-04-30;620.000;PERU;93
MOLINA PLAZA;MONTHLY;2022-05-01;2022-05-31;700.000;PERU;93
MOLINA PLAZA;MONTHLY;2022-06-01;2022-06-30;650.000;PERU;93
MOLINA PLAZA;MONTHLY;2022-07-01;2022-07-31;770.000;PERU;93
MOLINA PLAZA;MONTHLY;2022-08-01;2022-08-31;660.000;PERU;93
MOLINA PLAZA;MONTHLY;2022-09-01;2022-09-30;664.000;PERU;93
MOLINA PLAZA;MONTHLY;2022-10-01;2022-10-31;664.000;PERU;93
LARCOMAR;MONTHLY;2022-06-01;2022-06-30;1.200.000;PERU;99
LARCOMAR;MONTHLY;2022-07-01;2022-07-31;1.320.000;PERU;99
LARCOMAR;MONTHLY;2022-08-01;2022-08-31;1.200.000;PERU;99
LARCOMAR;MONTHLY;2022-09-01;2022-09-30;1.210.000;PERU;99
LARCOMAR;MONTHLY;2022-10-01;2022-10-31;1.210.000;PERU;99
MINKA;MONTHLY;2022-01-01;2022-01-31;2.100.000;PERU;92
MINKA;MONTHLY;2022-02-01;2022-02-28;2.100.000;PERU;92
MINKA;MONTHLY;2022-03-01;2022-03-31;2.000.000;PERU;92
MINKA;MONTHLY;2022-04-01;2022-04-30;2.000.000;PERU;92
MINKA;MONTHLY;2022-05-01;2022-05-31;2.500.000;PERU;92
MINKA;MONTHLY;2022-06-01;2022-06-30;2.350.000;PERU;92
MINKA;MONTHLY;2022-07-01;2022-07-31;2.400.000;PERU;92
MINKA;MONTHLY;2022-08-01;2022-08-31;2.400.000;PERU;92
MINKA;MONTHLY;2022-09-01;2022-09-30;2.400.000;PERU;92
MINKA;MONTHLY;2022-10-01;2022-10-31;2.400.000;PERU;92
Mall Arequipa;MONTHLY;2022-01-01;2022-01-31;1.300.000;PERU;89
Mall Arequipa;MONTHLY;2022-02-01;2022-02-28;1.300.000;PERU;89
Mall Arequipa;MONTHLY;2022-03-01;2022-03-31;1.200.000;PERU;89
Mall Arequipa;MONTHLY;2022-04-01;2022-04-30;1.200.000;PERU;89
Mall Arequipa;MONTHLY;2022-05-01;2022-05-31;1.300.000;PERU;89
Mall Arequipa;MONTHLY;2022-06-01;2022-06-30;1.200.000;PERU;89
Mall Arequipa;MONTHLY;2022-07-01;2022-07-31;1.280.000;PERU;89
Mall Arequipa;MONTHLY;2022-08-01;2022-08-31;1.200.000;PERU;89
Mall Arequipa;MONTHLY;2022-09-01;2022-09-30;1.200.000;PERU;89
Mall Arequipa;MONTHLY;2022-10-01;2022-10-31;1.220.000;PERU;89
Mall Aventura Chiclayo;MONTHLY;2022-06-01;2022-06-30;900.000;PERU;100
Mall Aventura Chiclayo;MONTHLY;2022-07-01;2022-07-31;950.000;PERU;100
Mall Aventura Chiclayo;MONTHLY;2022-08-01;2022-08-31;950.000;PERU;100
Mall Aventura Chiclayo;MONTHLY;2022-09-01;2022-09-30;951.000;PERU;100
Mall Aventura Chiclayo;MONTHLY;2022-10-01;2022-10-31;951.000;PERU;100
Megaplaza;MONTHLY;2022-01-01;2022-01-31;3.900.000;PERU;91
Megaplaza;MONTHLY;2022-02-01;2022-02-28;3.900.000;PERU;91
Megaplaza;MONTHLY;2022-03-01;2022-03-31;3.800.000;PERU;91
Megaplaza;MONTHLY;2022-04-01;2022-04-30;3.800.000;PERU;91
Megaplaza;MONTHLY;2022-05-01;2022-05-31;4.200.000;PERU;91
Megaplaza;MONTHLY;2022-06-01;2022-06-30;4.100.000;PERU;91
Megaplaza;MONTHLY;2022-07-01;2022-07-31;4.180.000;PERU;91
Megaplaza;MONTHLY;2022-08-01;2022-08-31;4.000.000;PERU;91
Megaplaza;MONTHLY;2022-09-01;2022-09-30;3.990.000;PERU;91
Megaplaza;MONTHLY;2022-10-01;2022-10-31;3.990.000;PERU;91
MEGAPLAZA VILLA EL SALVADOR;MONTHLY;2022-01-01;2022-01-31;690.000;PERU;97
MEGAPLAZA VILLA EL SALVADOR;MONTHLY;2022-02-01;2022-02-28;690.000;PERU;97
MEGAPLAZA VILLA EL SALVADOR;MONTHLY;2022-03-01;2022-03-31;691.000;PERU;97
MEGAPLAZA VILLA EL SALVADOR;MONTHLY;2022-04-01;2022-04-30;691.000;PERU;97
MEGAPLAZA VILLA EL SALVADOR;MONTHLY;2022-05-01;2022-05-31;700.000;PERU;97
MEGAPLAZA VILLA EL SALVADOR;MONTHLY;2022-06-01;2022-06-30;650.000;PERU;97
MEGAPLAZA VILLA EL SALVADOR;MONTHLY;2022-07-01;2022-07-31;659.000;PERU;97
MEGAPLAZA VILLA EL SALVADOR;MONTHLY;2022-08-01;2022-08-31;650.000;PERU;97
MEGAPLAZA VILLA EL SALVADOR;MONTHLY;2022-09-01;2022-09-30;648.000;PERU;97
MEGAPLAZA VILLA EL SALVADOR;MONTHLY;2022-10-01;2022-10-31;648.000;PERU;97
MEGAPLAZA CHORRILLOS;MONTHLY;2022-01-01;2022-01-31;680.000;PERU;98
MEGAPLAZA CHORRILLOS;MONTHLY;2022-02-01;2022-02-28;680.000;PERU;98
MEGAPLAZA CHORRILLOS;MONTHLY;2022-03-01;2022-03-31;680.000;PERU;98
MEGAPLAZA CHORRILLOS;MONTHLY;2022-04-01;2022-04-30;680.000;PERU;98
MEGAPLAZA CHORRILLOS;MONTHLY;2022-05-01;2022-05-31;720.000;PERU;98
MEGAPLAZA CHORRILLOS;MONTHLY;2022-06-01;2022-06-30;710.000;PERU;98
MEGAPLAZA CHORRILLOS;MONTHLY;2022-07-01;2022-07-31;712.000;PERU;98
MEGAPLAZA CHORRILLOS;MONTHLY;2022-08-01;2022-08-31;710.000;PERU;98
MEGAPLAZA CHORRILLOS;MONTHLY;2022-09-01;2022-09-30;711.000;PERU;98
MEGAPLAZA CHORRILLOS;MONTHLY;2022-10-01;2022-10-31;711.000;PERU;98